CAD,EUR,GBP,USD
1.0,0.624514066,0.588714763,0.810307
1.601244959,1.0,0.942676548,1.2975
1.698615463,1.060809248,1.0,1.3764
1.234100162,0.772200772,.726532984,1.0